File name,Label
pg5_cropped_179.jpg,human
pg5_cropped_623.jpg,habits
pg4_cropped_242.jpg,wisdom
pg4_cropped_524.jpg,of
pg5_cropped_145.jpg,your
pg5_cropped_637.jpg,all.
pg4_cropped_65.jpg,SOT
test1_cropped_27.jpg,joined
pg4_cropped_71.jpg,"Mollie,"
pg5_cropped_186.jpg,of
pg5_cropped_192.jpg,the
pg4_cropped_295.jpg,as
pg6_cropped_100.jpg,future
pg6_cropped_114.jpg,"‘erthrown,"
pg4_cropped_726.jpg,you
pg5_cropped_421.jpg,of
pg6_cropped_128.jpg,alone
pg4_cropped_732.jpg,laid
pg5_cropped_353.jpg,you
pg5_cropped_384.jpg,All
pg4_cropped_108.jpg,her
pg4_cropped_652.jpg,Our
pg4_cropped_134.jpg,and
pg5_cropped_555.jpg,legs
pg4_cropped_120.jpg,"cat,"
pg6_cropped_5.jpg,generations
pg4_cropped_691.jpg,during
pg5_cropped_596.jpg,"clothes,"
pg5_cropped_75.jpg,horror
pg5_cropped_61.jpg,are
pg5_cropped_582.jpg,have
pg4_cropped_685.jpg,more
pg4_cropped_478.jpg,than
pg5_cropped_0.jpg,Animal
pg5_cropped_757.jpg,Last
pg4_cropped_336.jpg,we
pg6_cropped_17.jpg,memory
pg4_cropped_450.jpg,comrades
pg4_cropped_322.jpg,are
pg5_cropped_743.jpg,known
pg4_cropped_487.jpg,dozen
pg5_cropped_780.jpg,also
pg5_cropped_781.jpg,back—words.
pg5_cropped_795.jpg,sung
pg4_cropped_492.jpg,now
pg4_cropped_445.jpg,those
pg4_cropped_323.jpg,We
pg4_cropped_337.jpg,given
pg5_cropped_756.jpg,of
pg5_cropped_1.jpg,Farm
pg4_cropped_479.jpg,to
pg5_cropped_60.jpg,who
pg4_cropped_690.jpg,you
pg4_cropped_121.jpg,who
pg5_cropped_540.jpg,his
pg5_cropped_226.jpg,human
pg4_cropped_647.jpg,rest
pg5_cropped_232.jpg,when
pg5_cropped_554.jpg,Whatever
pg4_cropped_135.jpg,Clover;
pg4_cropped_109.jpg,hoping
pg5_cropped_568.jpg,goes
pg5_cropped_385.jpg,animals
pg6_cropped_129.jpg,Rings
pg4_cropped_733.jpg,of
pg4_cropped_727.jpg,NOW
pg5_cropped_346.jpg,that
pg5_cropped_420.jpg,sight
pg5_cropped_408.jpg,uproar.
pg6_cropped_101.jpg,time
pg4_cropped_294.jpg,as
pg4_cropped_58.jpg,ner
pg4_cropped_280.jpg,living.
pg5_cropped_187.jpg,Man
test1_cropped_26.jpg,and
pg4_cropped_64.jpg,on
test1_cropped_32.jpg,by
pg5_cropped_636.jpg,above
pg4_cropped_257.jpg,long
pg5_cropped_144.jpg,cut
pg4_cropped_525.jpg,from
pg4_cropped_519.jpg,this
pg5_cropped_178.jpg,of
pg4_cropped_269.jpg,think
pg4_cropped_527.jpg,in
pg4_cropped_241.jpg,duty
pg4_cropped_72.jpg,"foolish,"
test1_cropped_30.jpg,only
pg4_cropped_66.jpg,and
pg4_cropped_296.jpg,any
pg5_cropped_191.jpg,and
pg5_cropped_185.jpg,Only
pg6_cropped_117.jpg,fields
pg6_cropped_103.jpg,Soon
pg4_cropped_719.jpg,enemies
pg5_cropped_378.jpg,there
pg4_cropped_731.jpg,you
pg5_cropped_350.jpg,one
pg4_cropped_725.jpg,our
pg5_cropped_218.jpg,for
pg5_cropped_542.jpg,merely
pg4_cropped_651.jpg,for
pg4_cropped_686.jpg,COWS
pg5_cropped_581.jpg,Even
pg5_cropped_595.jpg,live
pg4_cropped_692.jpg,this
pg5_cropped_3.jpg,the
pg4_cropped_309.jpg,lives
pg4_cropped_321.jpg,our
pg5_cropped_740.jpg,three
pg4_cropped_453.jpg,no!
pg4_cropped_335.jpg,"born,"
pg6_cropped_14.jpg,voice
pg4_cropped_484.jpg,farm
pg4_cropped_490.jpg,of
pg5_cropped_796.jpg,ago
pg5_cropped_782.jpg,"certain,"
pg4_cropped_485.jpg,of
pg4_cropped_452.jpg,times
pg4_cropped_334.jpg,are
pg5_cropped_741.jpg,words.
pg4_cropped_320.jpg,uS
pg4_cropped_446.jpg,who
pg5_cropped_769.jpg,And
pg4_cropped_308.jpg,face
pg5_cropped_2.jpg,And
pg5_cropped_594.jpg,No
pg4_cropped_693.jpg,last
pg4_cropped_687.jpg,see
pg5_cropped_580.jpg,him.
pg4_cropped_136.jpg,round
pg4_cropped_650.jpg,keeps
pg5_cropped_231.jpg,do
pg4_cropped_644.jpg,prevent
pg4_cropped_122.jpg,mane.
pg5_cropped_88.jpg,"You,"
pg4_cropped_678.jpg,pare
pg4_cropped_724.jpg,gone
pg5_cropped_345.jpg,"interest,"
pg5_cropped_437.jpg,for
pg5_cropped_379.jpg,be
pg4_cropped_718.jpg,of
pg6_cropped_116.jpg,fruitful
pg5_cropped_184.jpg,beings /
pg4_cropped_297.jpg,NOW
pg5_cropped_190.jpg,rid
test1_cropped_19.jpg,belong
test1_cropped_31.jpg,be
pg4_cropped_67.jpg,promptly
pg4_cropped_73.jpg,white
pg5_cropped_147.jpg,STOW
pg4_cropped_98.jpg,trap.
pg4_cropped_254.jpg,DaSS
pg4_cropped_268.jpg,and
pg5_cropped_609.jpg,nov
pg4_cropped_536.jpg,Our
pg5_cropped_631.jpg,engage
pg5_cropped_625.jpg,Man
pg4_cropped_244.jpg,have
pg4_cropped_522.jpg,Because
pg5_cropped_143.jpg,toothless
pg4_cropped_278.jpg,life
pg5_cropped_619.jpg,touch
pg5_cropped_194.jpg,of
pg4_cropped_293.jpg,on
test1_cropped_21.jpg,graph
pg4_cropped_77.jpg,Jones's
pg4_cropped_734.jpg,chickens?
pg5_cropped_355.jpg,of
pg5_cropped_341.jpg,and
pg4_cropped_720.jpg,And
pg5_cropped_427.jpg,caught
pg5_cropped_369.jpg,interests
pg5_cropped_396.jpg,there
pg5_cropped_382.jpg,struggle.
pg4_cropped_640.jpg,to
pg5_cropped_221.jpg,then
pg4_cropped_654.jpg,tills
pg4_cropped_132.jpg,herself
pg5_cropped_553.jpg,your
pg5_cropped_98.jpg,dogs
pg4_cropped_668.jpg,one
pg5_cropped_67.jpg,oL
pg5_cropped_584.jpg,against
pg4_cropped_683.jpg,oalions
pg4_cropped_697.jpg,happened
pg5_cropped_73.jpg,To
pg6_cropped_3.jpg,been
pg4_cropped_442.jpg,fertile.
pg4_cropped_456.jpg,of
pg5_cropped_779.jpg,of
pg4_cropped_318.jpg,and
pg6_cropped_39.jpg,"tune,"
pg4_cropped_481.jpg,inhabit
pg5_cropped_786.jpg,animals
pg5_cropped_792.jpg,song
pg5_cropped_793.jpg,came
pg4_cropped_480.jpg,an
pg5_cropped_787.jpg,of
pg6_cropped_38.jpg,you
pg4_cropped_319.jpg,nature
pg5_cropped_778.jpg,words
pg6_cropped_10.jpg,comrades
pg4_cropped_331.jpg,those
pg5_cropped_750.jpg,the
pg4_cropped_457.jpg,England
pg4_cropped_443.jpg,decent
pg5_cropped_744.jpg,infancy
pg6_cropped_2.jpg,for
pg4_cropped_696.jpg,has
pg5_cropped_72.jpg,within
pg5_cropped_591.jpg,you
pg5_cropped_66.jpg,of
pg4_cropped_682.jpg,thousands
pg5_cropped_208.jpg,free
pg5_cropped_234.jpg,Rebellion
pg5_cropped_552.jpg,"repeat,"
pg4_cropped_133.jpg,Boxer
pg4_cropped_127.jpg,usual.
pg5_cropped_546.jpg,enmity
pg5_cropped_220.jpg,of
pg4_cropped_641.jpg,them
pg5_cropped_383.jpg,All
pg5_cropped_397.jpg,tremendous
pg6_cropped_107.jpg,coming
pg6_cropped_113.jpg,be
pg4_cropped_721.jpg,hens
pg5_cropped_426.jpg,had
pg5_cropped_354.jpg,common
pg4_cropped_735.jpg,The
test1_cropped_34.jpg,tree
pg4_cropped_76.jpg,Mr.
pg5_cropped_181.jpg,not
pg4_cropped_292.jpg,nature
pg5_cropped_618.jpg,"tobacco,"
pg4_cropped_279.jpg,well
pg5_cropped_624.jpg,of
pg5_cropped_142.jpg,and
pg4_cropped_523.jpg,of
pg4_cropped_537.jpg,us
pg4_cropped_89.jpg,of
pg5_cropped_630.jpg,"money,"
pg4_cropped_251.jpg,you
pg4_cropped_521.jpg,condition?
pg5_cropped_140.jpg,they
pg5_cropped_626.jpg,evil
pg5_cropped_154.jpg,and
pg4_cropped_535.jpg,stolen
pg4_cropped_509.jpg,Why
pg5_cropped_168.jpg,comrades
pg5_cropped_183.jpg,tyranny
pg4_cropped_48.jpg,of
test1_cropped_36.jpg,can
pg4_cropped_60.jpg,and
pg4_cropped_74.jpg,who
pg5_cropped_424.jpg,and
pg5_cropped_342.jpg,the
pg5_cropped_418.jpg,The
pg6_cropped_105.jpg,day
pg6_cropped_111.jpg,Man
pg5_cropped_381.jpg,comradeship
pg4_cropped_131.jpg,finally
pg5_cropped_550.jpg,to
pg5_cropped_236.jpg,tne
pg4_cropped_657.jpg,dung
pg5_cropped_544.jpg,always
pg4_cropped_125.jpg,Came
pg5_cropped_578.jpg,"Man,"
pg5_cropped_593.jpg,his
pg5_cropped_70.jpg,the
pg4_cropped_694.jpg,year /
pg4_cropped_680.jpg,that
pg5_cropped_64.jpg,sitting
pg5_cropped_587.jpg,not
pg6_cropped_0.jpg,Animal
pg4_cropped_455.jpg,soil
pg4_cropped_333.jpg,sn
pg4_cropped_327.jpg,breath
pg5_cropped_5.jpg,lives
pg4_cropped_496.jpg,twenty
pg5_cropped_784.jpg,by
pg4_cropped_483.jpg,single
pg5_cropped_790.jpg,have
pg5_cropped_4.jpg,muserable
pg4_cropped_454.jpg,The
pg6_cropped_13.jpg,and
pg4_cropped_332.jpg,of
pg5_cropped_59.jpg,in
pg6_cropped_1.jpg,Farm
pg4_cropped_681.jpg,now
pg5_cropped_65.jpg,front
pg5_cropped_71.jpg,block
pg5_cropped_592.jpg,him
pg5_cropped_579.jpg,resemble
pg4_cropped_118.jpg,all
pg5_cropped_223.jpg,we
pg4_cropped_124.jpg,Was
pg5_cropped_545.jpg,duty
pg5_cropped_551.jpg,say
pg4_cropped_130.jpg,and
pg4_cropped_656.jpg,"soll,"
pg5_cropped_394.jpg,At
pg6_cropped_110.jpg,Tyrant
pg5_cropped_419.jpg,suddenly
pg5_cropped_431.jpg,and
pg5_cropped_425.jpg,dogs
pg4_cropped_722.jpg,arop
pg4_cropped_75.jpg,drew
pg4_cropped_49.jpg,wall
pg5_cropped_196.jpg,be
pg4_cropped_285.jpg,animal
pg4_cropped_508.jpg,imagining
pg5_cropped_633.jpg,are
pg4_cropped_252.jpg,sucn
pg5_cropped_155.jpg,drowns
pg4_cropped_520.jpg,miserable
pg4_cropped_209.jpg,night.
pg5_cropped_668.jpg,are
pg5_cropped_126.jpg,who
pg4_cropped_547.jpg,Man.
pg5_cropped_640.jpg,his
pg4_cropped_235.jpg,many
pg5_cropped_132.jpg,down
test1_cropped_50.jpg,sure
pg4_cropped_12.jpg,lain
pg4_cropped_590.jpg,He
pg5_cropped_318.jpg,And
pg4_cropped_779.jpg,pleasure
test1_cropped_8.jpg,statement.
pg6_cropped_177.jpg,Bright
pg5_cropped_442.jpg,their
pg4_cropped_751.jpg,ever
pg5_cropped_456.jpg,"""here"
pg5_cropped_481.jpg,Are
pg5_cropped_495.jpg,The
pg6_cropped_188.jpg,Sweeter
pg4_cropped_619.jpg,lord
pg5_cropped_536.jpg,little
pg4_cropped_631.jpg,minimum
pg4_cropped_625.jpg,run
pg4_cropped_143.jpg,contentedly
pg5_cropped_522.jpg,dogs
pg5_cropped_293.jpg,of
pg4_cropped_180.jpg,Major
pg5_cropped_708.jpg,long
pg6_cropped_215.jpg,Farm
pg4_cropped_369.jpg,with
pg6_cropped_48.jpg,As
pg6_cropped_201.jpg,Kor
pg4_cropped_355.jpg,strength;
pg6_cropped_74.jpg,Cucaracha
pg6_cropped_60.jpg,hoarse
pg4_cropped_383.jpg,come
pg6_cropped_61.jpg,but
pg4_cropped_340.jpg,as
pg5_cropped_721.jpg,sing
pg5_cropped_735.jpg,they
pg6_cropped_75.jpg,The
pg4_cropped_354.jpg,oL
pg6_cropped_49.jpg,his
pg4_cropped_368.jpg,our
pg6_cropped_214.jpg,Animal
pg5_cropped_286.jpg,CYes
pg4_cropped_181.jpg,they
pg5_cropped_17.jpg,are
pg4_cropped_817.jpg,rations
pg4_cropped_624.jpg,tO
pg5_cropped_245.jpg,hundred
pg5_cropped_523.jpg,and
pg4_cropped_156.jpg,tO
pg5_cropped_537.jpg,of
pg4_cropped_630.jpg,bare
pg6_cropped_189.jpg,blow
pg5_cropped_480.jpg,ting:
pg4_cropped_787.jpg,support
pg4_cropped_750.jpg,eggs
pg5_cropped_443.jpg,lives
pg5_cropped_325.jpg,Never
test1_cropped_9.jpg,does
pg6_cropped_176.jpg,fields
pg6_cropped_162.jpg,and
pg4_cropped_778.jpg,and
pg5_cropped_319.jpg,remember.
pg4_cropped_591.jpg,does
pg4_cropped_13.jpg,down
test1_cropped_45.jpg,cheaper
test1_cropped_51.jpg,you
pg4_cropped_234.jpg,you
pg5_cropped_133.jpg,for
pg4_cropped_546.jpg,word—
pg5_cropped_127.jpg,foxhounds
pg5_cropped_669.jpg,And
pg4_cropped_578.jpg,iS
pg5_cropped_119.jpg,great
pg5_cropped_657.jpg,kill
pg4_cropped_236.jpg,longer
pg5_cropped_643.jpg,clever
pg4_cropped_544.jpg,summed
pg4_cropped_11.jpg,had
pg4_cropped_593.jpg,he
pg5_cropped_694.jpg,reminded
pg4_cropped_39.jpg,they
pg5_cropped_680.jpg,nOW
pg6_cropped_174.jpg,ours
pg6_cropped_160.jpg,and
pg5_cropped_455.jpg,"said,"
pg4_cropped_752.jpg,gone
pg5_cropped_441.jpg,saved
pg4_cropped_785.jpg,old—you
pg5_cropped_482.jpg,they
pg4_cropped_168.jpg,door.
pg5_cropped_247.jpg,it
pg4_cropped_626.jpg,to
pg5_cropped_535.jpg,continued:
pg4_cropped_154.jpg,purred
pg4_cropped_801.jpg,in
pg4_cropped_815.jpg,ever
pg5_cropped_29.jpg,lucKy
pg4_cropped_183.jpg,all
pg5_cropped_290.jpg,above
pg4_cropped_197.jpg,and
pg6_cropped_202.jpg,day
pg4_cropped_424.jpg,of
pg5_cropped_723.jpg,of
pg4_cropped_342.jpg,our
pg4_cropped_356.jpg,and
pg6_cropped_77.jpg,"enough,"
pg5_cropped_737.jpg,and
pg4_cropped_430.jpg,land
pg6_cropped_88.jpg,of
pg4_cropped_381.jpg,knows
pg4_cropped_395.jpg,Eng
pg4_cropped_394.jpg,animal
pg5_cropped_736.jpg,only
pg6_cropped_76.jpg,words
pg4_cropped_431.jpg,of
pg4_cropped_425.jpg,nature?
pg6_cropped_62.jpg,he
pg4_cropped_343.jpg,who
pg4_cropped_419.jpg,this
pg5_cropped_291.jpg,"all,"
pg4_cropped_196.jpg,throat
pg5_cropped_14.jpg,do
pg4_cropped_182.jpg,had
pg4_cropped_814.jpg,you
pg5_cropped_252.jpg,in
pg4_cropped_633.jpg,from
pg4_cropped_155.jpg,speech
pg5_cropped_534.jpg,Major
pg4_cropped_627.jpg,he
pg5_cropped_246.jpg,"feet,"
pg5_cropped_483.jpg,our
pg5_cropped_497.jpg,and
pg5_cropped_326.jpg,listen
pg5_cropped_440.jpg,that
pg5_cropped_454.jpg,"""Comrades."
pg4_cropped_753.jpg,market
pg6_cropped_175.jpg,upon
pg5_cropped_468.jpg,creatures
pg4_cropped_38.jpg,where
pg4_cropped_586.jpg,only
pg5_cropped_695.jpg,of
test1_cropped_46.jpg,than
pg4_cropped_10.jpg,horses
pg5_cropped_642.jpg,B
pg4_cropped_223.jpg,something
pg4_cropped_545.jpg,single
pg5_cropped_124.jpg,to
pg5_cropped_130.jpg,and
pg4_cropped_237.jpg,and
pg5_cropped_656.jpg,No
pg4_cropped_579.jpg,abolished
pg5_cropped_652.jpg,"strong,"
pg4_cropped_233.jpg,Say
pg5_cropped_120.jpg,yours
pg4_cropped_541.jpg,"comrades,"
pg4_cropped_227.jpg,not
pg5_cropped_646.jpg,no
pg4_cropped_28.jpg,"barn,"
pg5_cropped_691.jpg,will
pg4_cropped_582.jpg,ever.
pg5_cropped_685.jpg,cannot
test1_cropped_42.jpg,entirely
pg5_cropped_336.jpg,of
pg4_cropped_757.jpg,and
pg6_cropped_171.jpg,be
pg6_cropped_165.jpg,"Clover,"
pg4_cropped_794.jpg,see
pg5_cropped_487.jpg,put
pg4_cropped_780.jpg,OL
pg5_cropped_242.jpg,not
pg4_cropped_623.jpg,too
pg4_cropped_145.jpg,Mayors
pg5_cropped_530.jpg,"Cat,"
pg4_cropped_151.jpg,he
pg5_cropped_256.jpg,this
pg5_cropped_518.jpg,both
pg5_cropped_281.jpg,your
pg5_cropped_10.jpg,natural
pg5_cropped_295.jpg,those
pg4_cropped_804.jpg,and
pg5_cropped_38.jpg,ones
pg5_cropped_726.jpg,Was
pg4_cropped_347.jpg,forced
pg6_cropped_66.jpg,and
pg4_cropped_421.jpg,of
pg6_cropped_72.jpg,and
pg4_cropped_409.jpg,in
pg6_cropped_213.jpg,Wwe
pg4_cropped_384.jpg,tO
pg4_cropped_390.jpg,after
pg4_cropped_391.jpg,he
pg4_cropped_385.jpg,an
pg4_cropped_408.jpg,year
pg6_cropped_206.jpg,we
pg6_cropped_73.jpg,La
pg6_cropped_67.jpg,it
pg4_cropped_420.jpg,simply
pg4_cropped_811.jpg,one
pg4_cropped_805.jpg,all
pg5_cropped_39.jpg,am
pg5_cropped_11.jpg,For
pg5_cropped_294.jpg,mine
pg5_cropped_280.jpg,Or
pg4_cropped_187.jpg,and
pg5_cropped_519.jpg,only
pg5_cropped_531.jpg,Was
pg4_cropped_622.jpg,animals
pg5_cropped_525.jpg,who
pg4_cropped_144.jpg,throughout
pg4_cropped_781.jpg,old
pg4_cropped_795.jpg,of
pg6_cropped_164.jpg,nay
pg6_cropped_170.jpg,Shall
pg6_cropped_158.jpg,can
pg5_cropped_445.jpg,raised
pg5_cropped_323.jpg,No
pg4_cropped_756.jpg,Jones
test1_cropped_57.jpg,the
pg4_cropped_15.jpg,of
test1_cropped_43.jpg,edges
pg4_cropped_583.jpg,Man
pg5_cropped_690.jpg,of
pg4_cropped_29.jpg,cheeping
pg5_cropped_109.jpg,muscles
pg4_cropped_226.jpg,do
pg5_cropped_653.jpg,Or
pg5_cropped_135.jpg,AS
pg5_cropped_645.jpg,all
pg5_cropped_123.jpg,you
pg5_cropped_651.jpg,or
pg4_cropped_218.jpg,think.
pg4_cropped_581.jpg,overwork
pg5_cropped_692.jpg,Man
test1_cropped_55.jpg,directions
test1_cropped_41.jpg,consisting
pg4_cropped_740.jpg,now
pg5_cropped_321.jpg,resolution
pg5_cropped_447.jpg,for
pg5_cropped_453.jpg,silence.
pg5_cropped_335.jpg,Man
pg4_cropped_754.jpg,bring
pg6_cropped_166.jpg,beans.
pg6_cropped_172.jpg,that
pg4_cropped_768.jpg,where
pg5_cropped_309.jpg,generations
pg5_cropped_484.jpg,or
pg5_cropped_490.jpg,propose
pg4_cropped_797.jpg,confinements
pg4_cropped_634.jpg,starving
pg5_cropped_255.jpg,surely
pg5_cropped_533.jpg,sides
pg4_cropped_146.jpg,without
pg4_cropped_620.jpg,all
pg5_cropped_296.jpg,who
pg4_cropped_185.jpg,themselves
pg5_cropped_282.jpg,throug
pg4_cropped_813.jpg,your
pg6_cropped_71.jpg,Clementine
pg4_cropped_422.jpg,the
pg4_cropped_344.jpg,are
pg6_cropped_65.jpg,sang
pg6_cropped_210.jpg,before
pg4_cropped_378.jpg,cruelty.
pg5_cropped_719.jpg,other
pg4_cropped_393.jpg,No
pg4_cropped_386.jpg,we
pg4_cropped_392.jpg,old.
pg6_cropped_58.jpg,nad
pg4_cropped_379.jpg,animal
pg6_cropped_211.jpg,it
pg4_cropped_423.jpg,order
pg6_cropped_64.jpg,Was
pg4_cropped_345.jpg,SO
pg5_cropped_724.jpg,ago.
pg6_cropped_70.jpg,between
pg4_cropped_351.jpg,work
pg4_cropped_812.jpg,your
pg4_cropped_184.jpg,made
pg5_cropped_283.jpg,nout
pg5_cropped_297.jpg,aiter
pg4_cropped_190.jpg,he
pg5_cropped_12.jpg,myseltr
pg5_cropped_268.jpg,later
pg4_cropped_147.jpg,listening
pg5_cropped_240.jpg,to
pg4_cropped_635.jpg,and
pg4_cropped_153.jpg,sne
pg5_cropped_532.jpg,on
pg4_cropped_796.jpg,for
pg4_cropped_782.jpg,age?
pg5_cropped_485.jpg,our
pg6_cropped_198.jpg,tree
pg6_cropped_173.jpg,day.
pg4_cropped_769.jpg,are
pg6_cropped_167.jpg,and
pg4_cropped_755.jpg,for
pg5_cropped_334.jpg,astray
pg5_cropped_320.jpg,comrad
pg5_cropped_446.jpg,his
pg4_cropped_16.jpg,ducklings
pg4_cropped_594.jpg,does
pg5_cropped_693.jpg,But
pg5_cropped_687.jpg,to
pg4_cropped_580.jpg,for
pg4_cropped_219.jpg,for
pg5_cropped_136.jpg,for
pg4_cropped_557.jpg,Our
pg4_cropped_231.jpg,be
pg5_cropped_644.jpg,simple.
pg4_cropped_225.jpg,to
pg4_cropped_543.jpg,problems
pg5_cropped_122.jpg,sell
pg4_cropped_566.jpg,Man
pg5_cropped_107.jpg,day
pg4_cropped_200.jpg,have
pg4_cropped_214.jpg,strange
pg5_cropped_113.jpg,Jones
pg4_cropped_599.jpg,give
pg4_cropped_33.jpg,from
test1_cropped_59.jpg,and
pg6_cropped_142.jpg,and
pg4_cropped_758.jpg,his
pg6_cropped_156.jpg,picture
test1_cropped_1.jpg,—s
pg4_cropped_770.jpg,those
pg5_cropped_311.jpg,struggle
pg6_cropped_181.jpg,oL
pg4_cropped_638.jpg,to
pg4_cropped_176.jpg,"raven,"
pg5_cropped_517.jpg,discovered
pg5_cropped_271.jpg,be
pg4_cropped_604.jpg,fast
pg5_cropped_265.jpg,see
pg4_cropped_162.jpg,"Moses,"
pg4_cropped_189.jpg,attentively.
pg4_cropped_823.jpg,Animal
pg5_cropped_37.jpg,one
pg5_cropped_23.jpg,for
pg6_cropped_69.jpg,something
pg5_cropped_729.jpg,years
pg4_cropped_412.jpg,1S
pg5_cropped_715.jpg,"pig,"
pg4_cropped_374.jpg,of
pg6_cropped_208.jpg,Though
pg4_cropped_360.jpg,usefulness
pg6_cropped_41.jpg,Can
pg4_cropped_406.jpg,Or
pg6_cropped_96.jpg,to
pg6_cropped_82.jpg,"England,"
pg6_cropped_83.jpg,beasts
pg5_cropped_700.jpg,be
pg6_cropped_40.jpg,you
pg4_cropped_413.jpg,plain
pg6_cropped_54.jpg,began
pg6_cropped_209.jpg,die
pg4_cropped_375.jpg,has
pg5_cropped_728.jpg,song
pg6_cropped_68.jpg,stirring
pg4_cropped_349.jpg,of
pg5_cropped_36.jpg,am
pg4_cropped_188.jpg,waiting
pg5_cropped_264.jpg,as
pg4_cropped_605.jpg,Yet
pg4_cropped_163.jpg,slept
pg5_cropped_502.jpg,majority
pg5_cropped_516.jpg,afterwards
pg4_cropped_177.jpg,who
pg4_cropped_611.jpg,"plough,"
pg5_cropped_258.jpg,come
pg6_cropped_194.jpg,On
pg5_cropped_310.jpg,the
pg4_cropped_771.jpg,you
pg5_cropped_462.jpg,The
pg4_cropped_765.jpg,money
pg5_cropped_304.jpg,to
pg6_cropped_157.jpg,more
pg6_cropped_143.jpg,shall
pg5_cropped_338.jpg,they
pg4_cropped_32.jpg,wandering
pg4_cropped_598.jpg,not
pg5_cropped_674.jpg,of
pg5_cropped_112.jpg,their
pg5_cropped_106.jpg,"Boxer,"
pg4_cropped_567.jpg,from
pg5_cropped_660.jpg,animal
pg5_cropped_138.jpg,dogs
pg4_cropped_559.jpg,Man
pg5_cropped_110.jpg,of
pg4_cropped_571.jpg,and
pg4_cropped_217.jpg,first.
pg4_cropped_203.jpg,about
pg4_cropped_565.jpg,Remove
pg4_cropped_30.jpg,feebly
pg4_cropped_24.jpg,two
pg4_cropped_18.jpg,had
pg5_cropped_448.jpg,"them,"
pg6_cropped_141.jpg,Bit
pg4_cropped_773.jpg,who
pg4_cropped_767.jpg,"you,"
test1_cropped_2.jpg,Use
pg5_cropped_460.jpg,be
pg6_cropped_196.jpg,day
pg4_cropped_798.jpg,fields.
pg6_cropped_182.jpg,England.
pg4_cropped_149.jpg,of
pg5_cropped_500.jpg,by
pg4_cropped_161.jpg,animals
pg4_cropped_607.jpg,He
pg5_cropped_266.jpg,"stra

‘WwW"
pg5_cropped_272.jpg,done.
pg4_cropped_613.jpg,cannot
pg5_cropped_514.jpg,four
pg4_cropped_820.jpg,except
pg5_cropped_299.jpg,future
pg5_cropped_20.jpg,span
pg5_cropped_34.jpg,nad
pg4_cropped_405.jpg,and
pg6_cropped_42.jpg,yourse
pg5_cropped_702.jpg,nas
pg5_cropped_716.jpg,mother
pg4_cropped_377.jpg,slaugntered
pg6_cropped_56.jpg,sing
pg4_cropped_388.jpg,happiness
pg6_cropped_81.jpg,Beasts
pg6_cropped_95.jpg,tidings
pg6_cropped_80.jpg,Tan:
pg4_cropped_389.jpg,leisure
pg6_cropped_57.jpg,he
pg4_cropped_376.jpg,end
pg5_cropped_717.jpg,and
pg4_cropped_410.jpg,an
pg4_cropped_404.jpg,misery
pg5_cropped_703.jpg,vanished.
pg6_cropped_43.jpg,ves.
pg4_cropped_362.jpg,are
pg4_cropped_438.jpg,SO
pg5_cropped_21.jpg,not
pg4_cropped_821.jpg,YOur
pg4_cropped_612.jpg,ne
pg5_cropped_273.jpg,Fix
pg5_cropped_515.jpg,dissentients
pg4_cropped_160.jpg,All
pg5_cropped_501.jpg,overwhelming
pg4_cropped_606.jpg,of
pg4_cropped_148.jpg,word
pg5_cropped_529.jpg,were
pg6_cropped_183.jpg,Purer
test1_cropped_3.jpg,Edge
pg4_cropped_766.jpg,men.
pg6_cropped_168.jpg,mangel—
pg4_cropped_772.jpg,"bore,"
pg6_cropped_140.jpg,our
pg4_cropped_25.jpg,just
pg5_cropped_688.jpg,you
pg4_cropped_31.jpg,and
pg4_cropped_202.jpg,already
pg5_cropped_663.jpg,animal.
pg5_cropped_105.jpg,no
pg4_cropped_564.jpg,have
pg4_cropped_570.jpg,hunger
pg5_cropped_111.jpg,lose
pg5_cropped_677.jpg,describe
pg4_cropped_558.jpg,of
pg5_cropped_139.jpg,when
pg5_cropped_673.jpg,about
pg5_cropped_115.jpg,"knacker,"
pg5_cropped_101.jpg,we
pg5_cropped_667.jpg,any
pg5_cropped_129.jpg,throat
pg4_cropped_35.jpg,side
pg4_cropped_21.jpg,mother.
pg4_cropped_776.jpg,been
pg5_cropped_317.jpg,on
pg5_cropped_465.jpg,rabbits—are
pg5_cropped_303.jpg,message
test1_cropped_7.jpg,following
pg6_cropped_150.jpg,no
pg6_cropped_144.jpg,"forever,"
pg6_cropped_193.jpg,yet
pg4_cropped_602.jpg,eggs
pg5_cropped_263.jpg,as
pg5_cropped_539.jpg,and
pg4_cropped_819.jpg,stall?
pg5_cropped_25.jpg,four
pg5_cropped_31.jpg,Old
pg5_cropped_19.jpg,to
pg5_cropped_288.jpg,lives!
pg4_cropped_366.jpg,our
pg6_cropped_47.jpg,his
pg5_cropped_707.jpg,nad
pg4_cropped_414.jpg,truth
pg5_cropped_713.jpg,Many
pg4_cropped_372.jpg,England
pg6_cropped_53.jpg,and
pg4_cropped_428.jpg,because
pg6_cropped_90.jpg,and
pg4_cropped_398.jpg,free
pg6_cropped_91.jpg,clime
pg4_cropped_415.jpg,Slavery:
pg6_cropped_52.jpg,throat
pg4_cropped_373.jpg,meaning
pg5_cropped_712.jpg,forgotten
pg5_cropped_706.jpg,that
pg6_cropped_46.jpg,Major
pg4_cropped_367.jpg,very
pg4_cropped_401.jpg,ot
pg5_cropped_289.jpg,And
pg4_cropped_824.jpg,Farm
pg5_cropped_18.jpg,not
pg5_cropped_30.jpg,twelve
pg4_cropped_818.jpg,and
pg5_cropped_24.jpg,of
pg5_cropped_538.jpg,Man
pg4_cropped_159.jpg,saying.
pg4_cropped_171.jpg,NOW
pg4_cropped_617.jpg,he
pg5_cropped_276.jpg,remainder
pg5_cropped_262.jpg,"S,"
pg4_cropped_165.jpg,behind
pg5_cropped_504.jpg,comrades
pg4_cropped_788.jpg,your
pg6_cropped_145.jpg,spur
pg5_cropped_458.jpg,point
pg5_cropped_464.jpg,and
pg6_cropped_179.jpg,shine
pg4_cropped_763.jpg,to
test1_cropped_6.jpg,the
pg5_cropped_302.jpg,on
pg5_cropped_316.jpg,Carry
pg5_cropped_699.jpg,it
pg4_cropped_20.jpg,their
pg4_cropped_34.jpg,side
pg4_cropped_561.jpg,the
pg5_cropped_666.jpg,ever
pg4_cropped_575.jpg,and
pg5_cropped_664.jpg,animals
pg4_cropped_205.jpg,dream
pg4_cropped_563.jpg,real
pg5_cropped_102.jpg,COome—
pg5_cropped_670.jpg,comrades
pg4_cropped_239.jpg,"die,"
pg5_cropped_658.jpg,All
pg4_cropped_588.jpg,without
pg5_cropped_300.jpg,your
test1_cropped_4.jpg,the
pg4_cropped_761.jpg,four
pg5_cropped_466.jpg,ne
pg5_cropped_472.jpg,friends
pg4_cropped_775.jpg,have
pg6_cropped_153.jpg,Riches
pg5_cropped_328.jpg,your
pg4_cropped_749.jpg,Many
pg5_cropped_499.jpg,agreed
pg5_cropped_274.jpg,"that,"
pg4_cropped_173.jpg,except
pg5_cropped_260.jpg,Or
pg5_cropped_248.jpg,might
pg5_cropped_32.jpg,and
pg5_cropped_26.jpg,children
pg4_cropped_198.jpg,began:
pg5_cropped_710.jpg,as
pg4_cropped_371.jpg,No
pg6_cropped_50.jpg,voice
pg6_cropped_44.jpg,England.
pg6_cropped_78.jpg,was
pg6_cropped_93.jpg,Hearken
pg6_cropped_87.jpg,Beasts
pg6_cropped_79.jpg,"tune,"
pg4_cropped_358.jpg,instant
pg5_cropped_739.jpg,first
pg4_cropped_402.jpg,animal
pg5_cropped_705.jpg,something
pg6_cropped_45.jpg,Old
pg4_cropped_364.jpg,to
pg4_cropped_370.jpg,hideous
pg4_cropped_416.jpg,the
pg5_cropped_27.jpg,Such
pg5_cropped_249.jpg,be
pg4_cropped_628.jpg,gives
pg4_cropped_600.jpg,not
pg4_cropped_614.jpg,enough
pg5_cropped_275.jpg,comrades
pg5_cropped_513.jpg,all
pg4_cropped_172.jpg,present
pg6_cropped_191.jpg,1ts
pg6_cropped_185.jpg,1tS
pg4_cropped_748.jpg,"year,"
pg5_cropped_473.jpg,enemies
pg5_cropped_315.jpg,victorious
pg4_cropped_760.jpg,"Clover,"
test1_cropped_5.jpg,previous
pg5_cropped_301.jpg,pass
pg4_cropped_589.jpg,producing
test1_cropped_61.jpg,only
pg4_cropped_37.jpg,place
pg4_cropped_23.jpg,into
pg5_cropped_117.jpg,very
pg4_cropped_210.jpg,But
pg5_cropped_103.jpg,COWS
pg4_cropped_562.jpg,only
pg4_cropped_87.jpg,chewing
pg4_cropped_539.jpg,beings
pg4_cropped_263.jpg,tor
pg5_cropped_164.jpg,'Is
pg4_cropped_511.jpg,do
pg5_cropped_616.jpg,"alcohol,"
pg4_cropped_277.jpg,of
pg4_cropped_50.jpg,"foreleg,"
pg6_cropped_121.jpg,And
pg5_cropped_428.jpg,were
pg6_cropped_135.jpg,And
pg5_cropped_400.jpg,speaking
pg5_cropped_414.jpg,their
pg5_cropped_372.jpg,except
pg4_cropped_713.jpg,of
pg5_cropped_399.jpg,Major
pg4_cropped_129.jpg,"place,"
pg4_cropped_673.jpg,before
pg5_cropped_212.jpg,night
pg5_cropped_574.jpg,And
pg4_cropped_115.jpg,plaited
pg5_cropped_97.jpg,the
pg5_cropped_83.jpg,out
pg5_cropped_560.jpg,has
pg5_cropped_206.jpg,rich
pg4_cropped_667.jpg,not
pg4_cropped_459.jpg,tO
pg5_cropped_9.jpg,their
pg4_cropped_465.jpg,food
pg4_cropped_303.jpg,of
pg5_cropped_789.jpg,and
pg4_cropped_7.jpg,speaking.
pg4_cropped_6.jpg,and
pg5_cropped_788.jpg,long
pg4_cropped_464.jpg,affording
pg6_cropped_23.jpg,for
pg4_cropped_302.jpg,Now
pg5_cropped_763.jpg,"night,"
pg5_cropped_777.jpg,more
pg4_cropped_316.jpg,Let
pg4_cropped_470.jpg,"good,"
pg5_cropped_8.jpg,reach
pg4_cropped_458.jpg,its
pg5_cropped_41.jpg,over
pg5_cropped_55.jpg,no
pg5_cropped_69.jpg,lives
pg5_cropped_561.jpg,wings
pg5_cropped_82.jpg,your
pg5_cropped_207.jpg,and
pg5_cropped_213.jpg,and
pg4_cropped_672.jpg,You
pg5_cropped_96.jpg,and
pg5_cropped_575.jpg,remember
pg5_cropped_549.jpg,more
pg4_cropped_128.jpg,for
pg5_cropped_415.jpg,hindquarters
pg6_cropped_108.jpg,Or
pg4_cropped_712.jpg,Every
pg5_cropped_373.jpg,among
pg5_cropped_367.jpg,serves
pg4_cropped_706.jpg,to
pg5_cropped_401.jpg,four
pg6_cropped_134.jpg,Our
pg5_cropped_429.jpg,on
pg6_cropped_120.jpg,land
pg4_cropped_289.jpg,this
pg4_cropped_51.jpg,ducklings
pg4_cropped_276.jpg,say
pg4_cropped_262.jpg,time
pg4_cropped_504.jpg,and
pg4_cropped_92.jpg,place
pg4_cropped_538.jpg,human
pg5_cropped_629.jpg,Or
pg4_cropped_84.jpg,mincing
pg4_cropped_512.jpg,In
pg4_cropped_506.jpg,almost
pg5_cropped_601.jpg,animal
pg4_cropped_53.jpg,inside
test1_cropped_11.jpg,pDar»rt
pg4_cropped_47.jpg,Clover
pg6_cropped_136.jpg,from
pg6_cropped_122.jpg,the
pg5_cropped_359.jpg,all
pg4_cropped_710.jpg,calves
pg5_cropped_417.jpg,him
pg4_cropped_704.jpg,given
pg5_cropped_365.jpg,prosperity
pg5_cropped_239.jpg,message
pg5_cropped_205.jpg,become
pg4_cropped_664.jpg,and
pg5_cropped_211.jpg,"Why,"
pg5_cropped_761.jpg,out
pg4_cropped_300.jpg,to
pg6_cropped_21.jpg,am
pg4_cropped_466.jpg,of
pg4_cropped_499.jpg,dignity
pg4_cropped_4.jpg,by
pg4_cropped_5.jpg,side
pg4_cropped_498.jpg,living
pg4_cropped_315.jpg,the
pg6_cropped_20.jpg,noW
pg4_cropped_301.jpg,you.
pg4_cropped_467.jpg,animals
pg4_cropped_329.jpg,bodies
pg5_cropped_748.jpg,long
pg5_cropped_56.jpg,escapes
pg5_cropped_589.jpg,tO
pg5_cropped_95.jpg,norses
pg5_cropped_576.jpg,also
pg5_cropped_210.jpg,do?
pg4_cropped_671.jpg,his
pg5_cropped_204.jpg,we
pg5_cropped_562.jpg,friend.
pg5_cropped_81.jpg,Scream
pg4_cropped_659.jpg,there
pg5_cropped_402.jpg,large
pg5_cropped_370.jpg,no
pg5_cropped_416.jpg,listening
pg6_cropped_123.jpg,Shall
pg4_cropped_739.jpg,and
pg6_cropped_137.jpg,the
test1_cropped_10.jpg,two
pg5_cropped_199.jpg,overnight
pg4_cropped_46.jpg,not
pg4_cropped_52.jpg,nestled
pg4_cropped_507.jpg,beyond
pg5_cropped_166.jpg,clear.
pg4_cropped_261.jpg,much
pg4_cropped_275.jpg,may
pg5_cropped_614.jpg,Wear
pg5_cropped_172.jpg,evils
pg4_cropped_85.jpg,daintily
pg5_cropped_628.jpg,or
pg4_cropped_249.jpg,on
pg4_cropped_517.jpg,our
pg5_cropped_176.jpg,from
pg5_cropped_610.jpg,ever
pg4_cropped_265.jpg,lay
pg5_cropped_162.jpg,of
pg4_cropped_503.jpg,comfort
pg4_cropped_95.jpg,and
pg5_cropped_638.jpg,animal
pg4_cropped_259.jpg,have
test1_cropped_28.jpg,minimum
pg5_cropped_189.jpg,get
test1_cropped_14.jpg,w)
pg5_cropped_412.jpg,out
pg4_cropped_715.jpg,down
pg4_cropped_701.jpg,been
pg5_cropped_360.jpg,lies
pg6_cropped_133.jpg,noses.
pg4_cropped_729.jpg,eggs
pg5_cropped_348.jpg,prosperity
pg6_cropped_127.jpg,beasts
pg5_cropped_85.jpg,year.
pg4_cropped_107.jpg,of
pg5_cropped_566.jpg,{Two
pg4_cropped_675.jpg,of
pg4_cropped_113.jpg,red
pg5_cropped_91.jpg,pigs
pg5_cropped_228.jpg,comrades
pg4_cropped_649.jpg,fertilises
pg5_cropped_46.jpg,But
pg5_cropped_599.jpg,adopt
pg4_cropped_463.jpg,of
pg5_cropped_764.jpg,"however,"
pg4_cropped_305.jpg,life
pg6_cropped_24.jpg,called
pg4_cropped_311.jpg,laborious.
pg6_cropped_30.jpg,taught
pg4_cropped_477.jpg,number
pg6_cropped_18.jpg,you
pg4_cropped_1.jpg,Farm
pg4_cropped_488.jpg,horses.
pg4_cropped_489.jpg,hundreds
pg4_cropped_0.jpg,Animal
pg6_cropped_19.jpg,song
pg6_cropped_31.jpg,the
pg4_cropped_310.jpg,"miserable,"
pg4_cropped_476.jpg,greater
pg4_cropped_462.jpg,it
pg6_cropped_25.jpg,Beasts
pg4_cropped_304.jpg,this
pg5_cropped_765.jpg,it
pg5_cropped_598.jpg,do
pg5_cropped_53.jpg,1S
pg5_cropped_47.jpg,animal
pg4_cropped_648.jpg,himself.
pg4_cropped_674.jpg,of
pg5_cropped_573.jpg,fighting
pg5_cropped_567.jpg,enemy
pg4_cropped_106.jpg,ribbons
pg4_cropped_660.jpg,OL
pg5_cropped_201.jpg,our
pg6_cropped_126.jpg,by
pg6_cropped_132.jpg,from
pg4_cropped_728.jpg,many
pg5_cropped_361.jpg,Man
pg5_cropped_413.jpg,sitting
pg4_cropped_714.jpg,has
pg5_cropped_375.jpg,perfect
pg4_cropped_43.jpg,tO
test1_cropped_15.jpg,not
test1_cropped_29.jpg,spanning
pg4_cropped_80.jpg,moment
pg5_cropped_639.jpg,tyrannise
pg4_cropped_94.jpg,front
pg5_cropped_605.jpg,sleep
pg4_cropped_264.jpg,thought
pg4_cropped_516.jpg,nOW
pg5_cropped_161.jpg,nearest
pg4_cropped_500.jpg,all
pg4_cropped_266.jpg,alone
pg5_cropped_607.jpg,bed.
pg5_cropped_613.jpg,Or
pg5_cropped_175.jpg,spring
pg4_cropped_96.jpg,began
pg5_cropped_149.jpg,brick
pg4_cropped_528.jpg,nearly
pg4_cropped_69.jpg,asleep.
pg4_cropped_41.jpg,be
pg5_cropped_405.jpg,moment
pg6_cropped_118.jpg,of
pg4_cropped_702.jpg,breeding
pg6_cropped_124.jpg,be
pg5_cropped_388.jpg,tne
pg4_cropped_676.jpg,milk
pg5_cropped_217.jpg,"soul,"
pg5_cropped_203.jpg,Own.
pg4_cropped_662.jpg,ne
pg4_cropped_104.jpg,white
pg5_cropped_86.jpg,Even
pg5_cropped_559.jpg,legs
pg5_cropped_51.jpg,You
pg5_cropped_45.jpg,pig.
pg4_cropped_689.jpg,many
pg5_cropped_79.jpg,one
pg4_cropped_474.jpg,abundance
pg5_cropped_773.jpg,Came
pg4_cropped_306.jpg,of
pg6_cropped_27.jpg,but
pg4_cropped_460.jpg,upon
pg4_cropped_2.jpg,grazing
pg5_cropped_798.jpg,Animal
pg5_cropped_799.jpg,Farm
pg4_cropped_3.jpg,side
pg4_cropped_449.jpg,No.
pg4_cropped_307.jpg,ours?
pg4_cropped_475.jpg,enormously
pg6_cropped_32.jpg,sing
pg5_cropped_44.jpg,of
pg6_cropped_8.jpg,sing
pg5_cropped_50.jpg,end.
pg4_cropped_139.jpg,squeezed
pg5_cropped_558.jpg,four
pg4_cropped_663.jpg,our
pg5_cropped_202.jpg,our
pg4_cropped_105.jpg,attention
pg5_cropped_87.jpg,fate
pg5_cropped_93.jpg,sheep.
pg4_cropped_111.jpg,to
pg5_cropped_570.jpg,or
pg5_cropped_216.jpg,and
pg4_cropped_677.jpg,than
pg5_cropped_389.jpg,men
pg6_cropped_131.jpg,vanish
pg5_cropped_438.jpg,their
pg4_cropped_717.jpg,throats
pg5_cropped_376.jpg,animals
pg6_cropped_119.jpg,Eng
pg5_cropped_404.jpg,of
pg5_cropped_362.jpg,of
pg4_cropped_703.jpg,sturdy
test1_cropped_16.jpg,prove
pg4_cropped_298.jpg,to
pg4_cropped_97.jpg,flirting
pg4_cropped_529.jpg,the
pg5_cropped_148.jpg,Jones
pg5_cropped_612.jpg,or
pg4_cropped_501.jpg,of
pg5_cropped_606.jpg,in
